--
-- PostgreSQL database dump
--

-- Dumped from database version 12.17
-- Dumped by pg_dump version 15.1

SET statement_timeout = 0;
SET lock_timeout = 0;
SET idle_in_transaction_session_timeout = 0;
SET client_encoding = 'UTF8';
SET standard_conforming_strings = on;
SELECT pg_catalog.set_config('search_path', '', false);
SET check_function_bodies = false;
SET xmloption = content;
SET client_min_messages = warning;
SET row_security = off;

ALTER TABLE ONLY public.user_movies DROP CONSTRAINT userkey;
ALTER TABLE ONLY public.user_movies DROP CONSTRAINT moviekey;
ALTER TABLE ONLY public.movies DROP CONSTRAINT genrekey;
ALTER TABLE ONLY public.movies DROP CONSTRAINT directorkey;
ALTER TABLE ONLY public.users DROP CONSTRAINT users_pkey;
ALTER TABLE ONLY public.user_movies DROP CONSTRAINT user_movies_pkey;
ALTER TABLE ONLY public.movies DROP CONSTRAINT movies_pkey;
ALTER TABLE ONLY public.genres DROP CONSTRAINT genres_pkey;
ALTER TABLE ONLY public.directors DROP CONSTRAINT directors_pkey;
ALTER TABLE public.users ALTER COLUMN userid DROP DEFAULT;
ALTER TABLE public.user_movies ALTER COLUMN usermovieid DROP DEFAULT;
ALTER TABLE public.movies ALTER COLUMN movieid DROP DEFAULT;
ALTER TABLE public.genres ALTER COLUMN genreid DROP DEFAULT;
ALTER TABLE public.directors ALTER COLUMN directorid DROP DEFAULT;
DROP SEQUENCE public.users_userid_seq;
DROP TABLE public.users;
DROP SEQUENCE public.user_movies_usermovieid_seq;
DROP TABLE public.user_movies;
DROP SEQUENCE public.movies_movieid_seq;
DROP TABLE public.movies;
DROP SEQUENCE public.genres_genreid_seq;
DROP TABLE public.genres;
DROP SEQUENCE public.directors_directorid_seq;
DROP TABLE public.directors;
DROP EXTENSION adminpack;
-- *not* dropping schema, since initdb creates it
--
-- Name: public; Type: SCHEMA; Schema: -; Owner: postgres
--

-- *not* creating schema, since initdb creates it


ALTER SCHEMA public OWNER TO postgres;

--
-- Name: adminpack; Type: EXTENSION; Schema: -; Owner: -
--

CREATE EXTENSION IF NOT EXISTS adminpack WITH SCHEMA pg_catalog;


--
-- Name: EXTENSION adminpack; Type: COMMENT; Schema: -; Owner: 
--

COMMENT ON EXTENSION adminpack IS 'administrative functions for PostgreSQL';


SET default_tablespace = '';

SET default_table_access_method = heap;

--
-- Name: directors; Type: TABLE; Schema: public; Owner: postgres
--

CREATE TABLE public.directors (
    directorid integer NOT NULL,
    name character varying(50) NOT NULL,
    bio character varying(1000),
    birthyear date,
    deathyear date
);


ALTER TABLE public.directors OWNER TO postgres;

--
-- Name: directors_directorid_seq; Type: SEQUENCE; Schema: public; Owner: postgres
--

CREATE SEQUENCE public.directors_directorid_seq
    AS integer
    START WITH 1
    INCREMENT BY 1
    NO MINVALUE
    NO MAXVALUE
    CACHE 1;


ALTER TABLE public.directors_directorid_seq OWNER TO postgres;

--
-- Name: directors_directorid_seq; Type: SEQUENCE OWNED BY; Schema: public; Owner: postgres
--

ALTER SEQUENCE public.directors_directorid_seq OWNED BY public.directors.directorid;


--
-- Name: genres; Type: TABLE; Schema: public; Owner: postgres
--

CREATE TABLE public.genres (
    genreid integer NOT NULL,
    name character varying(50) NOT NULL,
    description character varying(1000)
);


ALTER TABLE public.genres OWNER TO postgres;

--
-- Name: genres_genreid_seq; Type: SEQUENCE; Schema: public; Owner: postgres
--

CREATE SEQUENCE public.genres_genreid_seq
    AS integer
    START WITH 1
    INCREMENT BY 1
    NO MINVALUE
    NO MAXVALUE
    CACHE 1;


ALTER TABLE public.genres_genreid_seq OWNER TO postgres;

--
-- Name: genres_genreid_seq; Type: SEQUENCE OWNED BY; Schema: public; Owner: postgres
--

ALTER SEQUENCE public.genres_genreid_seq OWNED BY public.genres.genreid;


--
-- Name: movies; Type: TABLE; Schema: public; Owner: postgres
--

CREATE TABLE public.movies (
    movieid integer NOT NULL,
    title character varying(50) NOT NULL,
    description character varying(1000),
    directorid integer NOT NULL,
    genreid integer NOT NULL,
    imageurl character varying(300),
    featured boolean
);


ALTER TABLE public.movies OWNER TO postgres;

--
-- Name: movies_movieid_seq; Type: SEQUENCE; Schema: public; Owner: postgres
--

CREATE SEQUENCE public.movies_movieid_seq
    AS integer
    START WITH 1
    INCREMENT BY 1
    NO MINVALUE
    NO MAXVALUE
    CACHE 1;


ALTER TABLE public.movies_movieid_seq OWNER TO postgres;

--
-- Name: movies_movieid_seq; Type: SEQUENCE OWNED BY; Schema: public; Owner: postgres
--

ALTER SEQUENCE public.movies_movieid_seq OWNED BY public.movies.movieid;


--
-- Name: user_movies; Type: TABLE; Schema: public; Owner: postgres
--

CREATE TABLE public.user_movies (
    usermovieid integer NOT NULL,
    userid integer,
    movieid integer
);


ALTER TABLE public.user_movies OWNER TO postgres;

--
-- Name: user_movies_usermovieid_seq; Type: SEQUENCE; Schema: public; Owner: postgres
--

CREATE SEQUENCE public.user_movies_usermovieid_seq
    AS integer
    START WITH 1
    INCREMENT BY 1
    NO MINVALUE
    NO MAXVALUE
    CACHE 1;


ALTER TABLE public.user_movies_usermovieid_seq OWNER TO postgres;

--
-- Name: user_movies_usermovieid_seq; Type: SEQUENCE OWNED BY; Schema: public; Owner: postgres
--

ALTER SEQUENCE public.user_movies_usermovieid_seq OWNED BY public.user_movies.usermovieid;


--
-- Name: users; Type: TABLE; Schema: public; Owner: postgres
--

CREATE TABLE public.users (
    userid integer NOT NULL,
    username character varying(50) NOT NULL,
    password character varying(50) NOT NULL,
    email character varying(50) NOT NULL,
    birth_date date
);


ALTER TABLE public.users OWNER TO postgres;

--
-- Name: users_userid_seq; Type: SEQUENCE; Schema: public; Owner: postgres
--

CREATE SEQUENCE public.users_userid_seq
    AS integer
    START WITH 1
    INCREMENT BY 1
    NO MINVALUE
    NO MAXVALUE
    CACHE 1;


ALTER TABLE public.users_userid_seq OWNER TO postgres;

--
-- Name: users_userid_seq; Type: SEQUENCE OWNED BY; Schema: public; Owner: postgres
--

ALTER SEQUENCE public.users_userid_seq OWNED BY public.users.userid;


--
-- Name: directors directorid; Type: DEFAULT; Schema: public; Owner: postgres
--

ALTER TABLE ONLY public.directors ALTER COLUMN directorid SET DEFAULT nextval('public.directors_directorid_seq'::regclass);


--
-- Name: genres genreid; Type: DEFAULT; Schema: public; Owner: postgres
--

ALTER TABLE ONLY public.genres ALTER COLUMN genreid SET DEFAULT nextval('public.genres_genreid_seq'::regclass);


--
-- Name: movies movieid; Type: DEFAULT; Schema: public; Owner: postgres
--

ALTER TABLE ONLY public.movies ALTER COLUMN movieid SET DEFAULT nextval('public.movies_movieid_seq'::regclass);


--
-- Name: user_movies usermovieid; Type: DEFAULT; Schema: public; Owner: postgres
--

ALTER TABLE ONLY public.user_movies ALTER COLUMN usermovieid SET DEFAULT nextval('public.user_movies_usermovieid_seq'::regclass);


--
-- Name: users userid; Type: DEFAULT; Schema: public; Owner: postgres
--

ALTER TABLE ONLY public.users ALTER COLUMN userid SET DEFAULT nextval('public.users_userid_seq'::regclass);


--
-- Data for Name: directors; Type: TABLE DATA; Schema: public; Owner: postgres
--

COPY public.directors (directorid, name, bio, birthyear, deathyear) FROM stdin;
1	Donald Petrie	Donald Mark Petrie is an American actor, director, and screenwriter known for his movies How to Lose a Guy in 10 Days, Miss Congeniality and Grumpy Old Men.	1954-04-02	\N
2	David Fincher	David Fincher is an American film director. Known for his psychological thrillers, his films have received 40 nominations at the Academy Awards, including three for him as Best Director.	1962-08-28	\N
3	David Mirkin	David Mirkin is an American feature film and television director, writer and producer. Mirkin grew up in Philadelphia and intended to become an electrical engineer, but abandoned this career path in favor of studying film at Loyola Marymount University.	1955-09-18	\N
4	Robert Eggers	Robert Eggers is an American film director, screenwriter, and production designer. He is best known for his critically acclaimed horror films The Witch and The Lighthouse.	1983-07-07	\N
5	Christopher Nolan	Christopher Edward Nolan is a British-American film director, producer, and screenwriter. His directorial efforts have grossed more than US$5 billion worldwide, garnered 36 Oscar nominations and ten wins.	1970-07-30	\N
6	Peter Jackson	Sir Peter Robert Jackson is a New Zealand film director, producer, and screenwriter. He is best known as the director, writer, and producer of the Lord of the Rings trilogy and the Hobbit trilogy.	1961-10-31	\N
7	Martin Scorsese	Martin Charles Scorsese is an American film director, producer, screenwriter, and actor. One of the major figures of the New Hollywood era, he is widely regarded as one of the most significant and influential directors in film history.	1942-11-17	\N
8	Steven Spielberg	\N	1946-12-18	\N
10	Steven Spielberg	Steven Spielberg is an American film director, producer, and screenwriter. He is considered one of the founding pioneers of the New Hollywood era and one of the most popular directors and producers in film history.	1946-12-18	\N
11	Quentin Tarantino	Quentin Tarantino is an American film director, screenwriter, producer, and actor. His films are characterized by nonlinear storylines, dark humor, aestheticization of violence, extended scenes of dialogue, ensemble casts, references to popular culture and a wide variety of other films, eclectic soundtracks primarily containing songs and score pieces from the 1960s to the 1980s, alternate history, and features of neo-noir film.	1963-03-27	\N
\.


--
-- Data for Name: genres; Type: TABLE DATA; Schema: public; Owner: postgres
--

COPY public.genres (genreid, name, description) FROM stdin;
1	Romantic Comedy	Romantic comedy is a subgenre of comedy and slice of life fiction, focusing on lighthearted, humorous plot lines centered on romantic ideas, such as how true love is able to surmount most obstacles.
2	Drama	Drama is a genre of narrative fiction (or semi-fiction) intended to be more serious than humorous in tone, focusing on in-depth development of realistic characters who must deal with realistic emotional struggles.
3	Mystery	A mystery film is a genre of film that revolves around the solution of a problem or a crime.
4	Horror	Horror is a genre of literature, film, and television that is meant to scare, startle, shock, and even repulse audiences
5	Action	Action is a film genre in which the protagonist is thrust into a series of events that typically involve violence and physical feats.
6	Fantasy	Fantasy is a genre of speculative fiction set in a fictional universe, often inspired by real world myth and folklore.
7	Drama	Drama is a genre of narrative fiction (or semi-fiction) intended to be more serious than humorous in tone, focusing on in-depth development of realistic characters who must deal with realistic emotional struggles.
8	Science Fiction	Science fiction is a genre of speculative fiction that typically deals with imaginative and futuristic concepts such as advanced science and technology, space exploration, time travel, parallel universes, and extraterrestrial life.
9	Crime	Crime films, in the broadest sense, are a cinematic genre inspired by and analogous to the crime fiction literary genre.
\.


--
-- Data for Name: movies; Type: TABLE DATA; Schema: public; Owner: postgres
--

COPY public.movies (movieid, title, description, directorid, genreid, imageurl, featured) FROM stdin;
1	How to Lose a Guy in 10 Days	An advice columnist tries pushing the boundaries of what she can write about in her new piece about how to get a man to leave you in 10 days, but her plan backfires as she falls for the guy she tries to bring down.	1	1	\N	t
2	Seven	Set in an unnamed, crime-ridden city, the narrative follows disenchanted, near-retirement detective William Somerset and his newly transferred partner David Mills as they endeavor to thwart a serial killer from executing a series of murders based on the seven deadly sins.	2	2	\N	t
3	Romy and Michele's Highschool Reunion	Two dim-witted, inseparable friends hit the road for their ten-year high school reunion and concoct an elaborate lie about their lives in order to impress their classmates.	3	3	\N	t
4	The Witch	The Witch is a chilling portrait of a family unraveling within their own sins, leaving them prey for an inconceivable evil.	4	4	\N	t
5	The Dark Knight	The plot follows the vigilante Batman, police lieutenant James Gordon, and district attorney Harvey Dent, who form an alliance to dismantle organized crime in Gotham City, who's efforts are dereailed by the Joker	5	5	\N	t
6	The Lord of the Rings: The Fellowship of the Ring	Set in Middle-earth, the story tells of the Dark Lord Sauron, who seeks the One Ring, which contains part of his might, to return to power.	6	6	\N	t
7	Killers of the FLower Moon	Killers of the Flower Moon is a 2021 American crime drama film directed by Martin Scorsese, based on the 2017 non-fiction book of the same name by David Grann.	7	7	\N	t
9	Jurassic Park	A pragmatic paleontologist visiting an almost complete theme park is tasked with protecting a couple of kids after a power failure causes the park's cloned dinosaurs to run loose.	8	8	\N	f
10	Pulp Fiction	The lives of two mob hitmen, a boxer, a gangster and his wife, and a pair of diner bandits intertwine in four tales of violence and redemption.	11	9	\N	f
11	The Wolf of Wallstreet	Based on the true story of Jordan Belfort, from his rise to a wealthy stock-broker living the high life to his fall involving crime, corruption and the federal government.	7	9	\N	f
\.


--
-- Data for Name: user_movies; Type: TABLE DATA; Schema: public; Owner: postgres
--

COPY public.user_movies (usermovieid, userid, movieid) FROM stdin;
1	1	1
2	1	2
3	2	2
\.


--
-- Data for Name: users; Type: TABLE DATA; Schema: public; Owner: postgres
--

COPY public.users (userid, username, password, email, birth_date) FROM stdin;
1	user123	helloatl	panda@hello.com	1995-06-13
2	user456	ilovefilms	morgan@hello.com	1987-10-01
3	user789	floydbro	mws@hello.com	1993-04-15
4	user101	kb552	kbhopes@hello.com	1989-01-01
5	user202	madsmine	mgfblueberry@hello.com	2003-10-21
\.


--
-- Name: directors_directorid_seq; Type: SEQUENCE SET; Schema: public; Owner: postgres
--

SELECT pg_catalog.setval('public.directors_directorid_seq', 12, true);


--
-- Name: genres_genreid_seq; Type: SEQUENCE SET; Schema: public; Owner: postgres
--

SELECT pg_catalog.setval('public.genres_genreid_seq', 10, true);


--
-- Name: movies_movieid_seq; Type: SEQUENCE SET; Schema: public; Owner: postgres
--

SELECT pg_catalog.setval('public.movies_movieid_seq', 11, true);


--
-- Name: user_movies_usermovieid_seq; Type: SEQUENCE SET; Schema: public; Owner: postgres
--

SELECT pg_catalog.setval('public.user_movies_usermovieid_seq', 1, false);


--
-- Name: users_userid_seq; Type: SEQUENCE SET; Schema: public; Owner: postgres
--

SELECT pg_catalog.setval('public.users_userid_seq', 1, false);


--
-- Name: directors directors_pkey; Type: CONSTRAINT; Schema: public; Owner: postgres
--

ALTER TABLE ONLY public.directors
    ADD CONSTRAINT directors_pkey PRIMARY KEY (directorid);


--
-- Name: genres genres_pkey; Type: CONSTRAINT; Schema: public; Owner: postgres
--

ALTER TABLE ONLY public.genres
    ADD CONSTRAINT genres_pkey PRIMARY KEY (genreid);


--
-- Name: movies movies_pkey; Type: CONSTRAINT; Schema: public; Owner: postgres
--

ALTER TABLE ONLY public.movies
    ADD CONSTRAINT movies_pkey PRIMARY KEY (movieid);


--
-- Name: user_movies user_movies_pkey; Type: CONSTRAINT; Schema: public; Owner: postgres
--

ALTER TABLE ONLY public.user_movies
    ADD CONSTRAINT user_movies_pkey PRIMARY KEY (usermovieid);


--
-- Name: users users_pkey; Type: CONSTRAINT; Schema: public; Owner: postgres
--

ALTER TABLE ONLY public.users
    ADD CONSTRAINT users_pkey PRIMARY KEY (userid);


--
-- Name: movies directorkey; Type: FK CONSTRAINT; Schema: public; Owner: postgres
--

ALTER TABLE ONLY public.movies
    ADD CONSTRAINT directorkey FOREIGN KEY (directorid) REFERENCES public.directors(directorid);


--
-- Name: movies genrekey; Type: FK CONSTRAINT; Schema: public; Owner: postgres
--

ALTER TABLE ONLY public.movies
    ADD CONSTRAINT genrekey FOREIGN KEY (genreid) REFERENCES public.genres(genreid);


--
-- Name: user_movies moviekey; Type: FK CONSTRAINT; Schema: public; Owner: postgres
--

ALTER TABLE ONLY public.user_movies
    ADD CONSTRAINT moviekey FOREIGN KEY (movieid) REFERENCES public.movies(movieid);


--
-- Name: user_movies userkey; Type: FK CONSTRAINT; Schema: public; Owner: postgres
--

ALTER TABLE ONLY public.user_movies
    ADD CONSTRAINT userkey FOREIGN KEY (userid) REFERENCES public.users(userid);


--
-- Name: SCHEMA public; Type: ACL; Schema: -; Owner: postgres
--

REVOKE USAGE ON SCHEMA public FROM PUBLIC;
GRANT ALL ON SCHEMA public TO PUBLIC;


--
-- PostgreSQL database dump complete
--

